{"11000": [{"transaction_type": "create_account", "amount": 100000.0, "date": "2024-05-30 01:35:40.697444", "target_account": null}, {"transaction_type": "transfer_out", "amount": 1000.0, "date": "2024-05-30 01:36:41.922722", "target_account": "11001"}], "11001": [{"transaction_type": "create_account", "amount": 10000.0, "date": "2024-05-30 01:36:22.581344", "target_account": null}, {"transaction_type": "transfer_in", "amount": 1000.0, "date": "2024-05-30 01:36:41.924722", "target_account": "11000"}]}